"Symbol","Series","Date","Prev Close","Open Price","High Price","Low Price","Last Price","Close Price","Average Price","Total Traded Quantity","Turnover","No. of Trades","Deliverable Qty","% Dly Qt to Traded Qty"
"AMBUJACEM","EQ","14-May-2021","        309.05","        309.10","        311.85","        300.00","        307.00","        307.10","        305.28","    4140603","          1264055506.95","      44632","    1544903","         37.31"
"AMBUJACEM","EQ","17-May-2021","        307.10","        307.90","        311.70","        304.55","        310.00","        310.20","        308.52","    4763864","          1469747617.80","      39633","    2011550","         42.23"
"AMBUJACEM","EQ","18-May-2021","        310.20","        314.50","        316.95","        310.10","        315.25","        315.65","        314.26","    4169602","          1310328480.05","      51452","    1544997","         37.05"
"AMBUJACEM","EQ","19-May-2021","        315.65","        315.50","        324.90","        315.00","        317.00","        317.65","        320.40","   10886866","          3488129258.25","      98378","    2597949","         23.86"
"AMBUJACEM","EQ","20-May-2021","        317.65","        319.45","        322.00","        314.35","        320.40","        320.00","        318.49","    5608173","          1786119293.85","      48179","    1968075","         35.09"
"AMBUJACEM","EQ","21-May-2021","        320.00","        322.70","        324.35","        320.25","        321.75","        321.45","        322.40","    4039119","          1302212305.85","      30022","    2003279","         49.60"
"AMBUJACEM","EQ","24-May-2021","        321.45","        321.45","        328.30","        319.50","        326.15","        326.20","        324.50","    4875842","          1582195052.60","      38915","    1535786","         31.50"
"AMBUJACEM","EQ","25-May-2021","        326.20","        326.55","        327.10","        321.25","        321.70","        322.30","        322.97","    3511483","          1134114185.20","      31241","    1516699","         43.19"
"AMBUJACEM","EQ","26-May-2021","        322.30","        322.30","        325.00","        319.40","        322.55","        323.10","        323.31","    3103367","          1003356622.50","      27909","    1204874","         38.82"
"AMBUJACEM","EQ","27-May-2021","        323.10","        322.00","        335.00","        319.50","        329.30","        330.10","        329.36","   12478623","          4110002172.60","      77257","    5409470","         43.35"
"AMBUJACEM","EQ","28-May-2021","        330.10","        330.10","        331.40","        324.25","        325.50","        325.65","        327.71","    2648245","           867860201.30","      33281","     759481","         28.68"
"AMBUJACEM","EQ","31-May-2021","        325.65","        325.40","        328.45","        322.50","        327.45","        326.80","        325.61","    2664186","           867497868.45","      30020","     939583","         35.27"
"AMBUJACEM","EQ","01-Jun-2021","        326.80","        327.00","        328.90","        323.10","        324.15","        324.20","        325.11","    2649537","           861398370.45","      35447","    1051534","         39.69"
"AMBUJACEM","EQ","02-Jun-2021","        324.20","        324.40","        332.40","        322.55","        331.30","        331.10","        328.84","    5346766","          1758224053.90","      51004","    1649152","         30.84"
"AMBUJACEM","EQ","03-Jun-2021","        331.10","        332.10","        336.00","        331.40","        333.20","        333.95","        333.95","    3322366","          1109500210.40","      31948","    1273628","         38.33"
"AMBUJACEM","EQ","04-Jun-2021","        333.95","        333.80","        337.30","        331.20","        332.00","        332.05","        333.48","    1739342","           580042525.95","      23826","     378510","         21.76"
"AMBUJACEM","EQ","07-Jun-2021","        332.05","        333.80","        342.80","        333.15","        338.95","        339.05","        339.12","    4163074","          1411795922.85","      50630","    1596977","         38.36"
"AMBUJACEM","EQ","08-Jun-2021","        339.05","        340.35","        341.80","        336.40","        339.50","        340.35","        339.18","    2954871","          1002236709.00","      32414","    1221747","         41.35"
"AMBUJACEM","EQ","09-Jun-2021","        340.35","        340.00","        341.60","        332.25","        335.00","        334.35","        337.95","    2484987","           839794436.75","      35405","     850004","         34.21"
"AMBUJACEM","EQ","10-Jun-2021","        334.35","        335.80","        344.15","        334.80","        340.85","        341.55","        340.91","    3729387","          1271367982.35","      52716","    1735424","         46.53"
"AMBUJACEM","EQ","11-Jun-2021","        341.55","        341.90","        343.20","        335.95","        338.10","        337.70","        338.55","    1478762","           500630995.85","      18076","     528643","         35.75"
"AMBUJACEM","EQ","14-Jun-2021","        337.70","        337.90","        340.90","        332.50","        340.05","        340.35","        338.63","    1670528","           565695259.25","      19142","     459902","         27.53"
"AMBUJACEM","EQ","15-Jun-2021","        340.35","        340.00","        344.45","        337.45","        340.60","        341.45","        342.09","    2056457","           703503521.95","      34134","     868530","         42.23"
"AMBUJACEM","EQ","16-Jun-2021","        341.45","        341.00","        344.00","        337.60","        339.40","        338.90","        340.51","    2006979","           683402173.95","      29322","     948251","         47.25"
"AMBUJACEM","EQ","17-Jun-2021","        338.90","        336.60","        348.90","        336.00","        347.20","        346.25","        345.40","    7239110","          2500377390.05","      72680","    2592862","         35.82"
"AMBUJACEM","EQ","18-Jun-2021","        346.25","        346.90","        347.50","        335.35","        341.00","        341.30","        341.33","    3129778","          1068301495.70","      42109","     848827","         27.12"
"AMBUJACEM","EQ","21-Jun-2021","        341.30","        337.90","        345.85","        335.00","        344.55","        344.75","        341.80","    2879360","           984177385.60","      28076","    1284974","         44.63"
"AMBUJACEM","EQ","22-Jun-2021","        344.75","        345.35","        351.50","        343.20","        345.30","        346.25","        347.68","    2549800","           886521817.20","      34346","     863427","         33.86"
"AMBUJACEM","EQ","23-Jun-2021","        346.25","        346.90","        348.50","        343.50","        344.75","        345.15","        345.85","    1690045","           584500009.40","      25147","     522113","         30.89"
"AMBUJACEM","EQ","24-Jun-2021","        345.15","        345.15","        347.85","        342.55","        345.50","        346.50","        345.37","    3375247","          1165702678.00","      24001","    1627885","         48.23"
"AMBUJACEM","EQ","25-Jun-2021","        346.50","        346.90","        349.50","        345.15","        348.15","        348.05","        347.20","    2206671","           766160009.40","      21129","    1070716","         48.52"
"AMBUJACEM","EQ","28-Jun-2021","        348.05","        349.75","        350.85","        343.75","        344.25","        344.35","        346.21","    2552962","           883872690.95","      31325","    1182335","         46.31"
"AMBUJACEM","EQ","29-Jun-2021","        344.35","        344.30","        345.80","        342.00","        344.85","        344.40","        343.97","    1671869","           575077760.30","      25700","     747380","         44.70"
"AMBUJACEM","EQ","30-Jun-2021","        344.40","        343.55","        346.45","        339.65","        340.20","        340.65","        343.21","    2767540","           949844561.25","      37645","    1487770","         53.76"
"AMBUJACEM","EQ","01-Jul-2021","        340.65","        341.30","        342.60","        338.60","        340.00","        340.30","        340.30","    1909998","           649965306.95","      22507","     976959","         51.15"
"AMBUJACEM","EQ","02-Jul-2021","        340.30","        341.50","        341.95","        337.25","        339.30","        339.25","        339.16","     955697","           324129570.45","      15398","     269974","         28.25"
"AMBUJACEM","EQ","05-Jul-2021","        339.25","        340.80","        345.25","        339.50","        340.75","        340.30","        342.18","    1403833","           480366496.05","      20137","     477992","         34.05"
"AMBUJACEM","EQ","06-Jul-2021","        340.30","        341.30","        359.95","        341.30","        352.70","        351.85","        354.47","   12291310","          4356921185.00","     120189","    1976441","         16.08"
"AMBUJACEM","EQ","07-Jul-2021","        351.85","        353.80","        358.55","        350.65","        357.45","        357.45","        354.86","    4334221","          1538042293.75","      48140","    1803232","         41.60"
"AMBUJACEM","EQ","08-Jul-2021","        357.45","        357.70","        361.85","        355.75","        360.85","        360.75","        359.62","    5505696","          1979953615.30","      51602","    2009359","         36.50"
"AMBUJACEM","EQ","09-Jul-2021","        360.75","        360.90","        364.45","        357.55","        363.20","        363.60","        361.22","    2443343","           882580596.05","      28475","     801576","         32.81"
"AMBUJACEM","EQ","12-Jul-2021","        363.60","        364.10","        376.40","        363.65","        372.70","        371.75","        372.22","    6429310","          2393112432.40","      69454","    1841805","         28.65"
"AMBUJACEM","EQ","13-Jul-2021","        371.75","        373.55","        374.30","        367.20","        369.05","        368.95","        369.81","    3725976","          1377907096.55","      65484","    2009417","         53.93"
"AMBUJACEM","EQ","14-Jul-2021","        368.95","        370.95","        375.85","        368.10","        373.05","        373.00","        372.19","    4877918","          1815494057.15","      51208","    2369047","         48.57"
"AMBUJACEM","EQ","15-Jul-2021","        373.00","        374.00","        389.00","        373.70","        387.55","        386.20","        381.43","    7207046","          2748949995.35","      88579","    2746602","         38.11"
"AMBUJACEM","EQ","16-Jul-2021","        386.20","        387.45","        387.70","        381.70","        384.00","        383.05","        383.86","    3141218","          1205785597.70","      78492","    1325852","         42.21"
"AMBUJACEM","EQ","19-Jul-2021","        383.05","        382.30","        388.35","        380.40","        387.95","        386.55","        383.71","    3708612","          1423025782.25","      51056","    1861304","         50.19"
"AMBUJACEM","EQ","20-Jul-2021","        386.55","        391.00","        408.90","        387.65","        403.60","        404.45","        400.16","   16347083","          6541473135.85","     164780","    2136743","         13.07"
"AMBUJACEM","EQ","22-Jul-2021","        404.45","        407.25","        407.25","        398.10","        400.50","        400.20","        401.21","    4093799","          1642483905.80","      53786","    1704021","         41.62"
"AMBUJACEM","EQ","23-Jul-2021","        400.20","        403.25","        409.50","        400.50","        402.80","        402.30","        405.37","    7785242","          3155868932.40","     121907","    2339154","         30.05"
"AMBUJACEM","EQ","26-Jul-2021","        402.30","        402.50","        409.50","        390.95","        408.05","        408.10","        402.23","    8586195","          3453663657.60","     104742","    2373412","         27.64"
"AMBUJACEM","EQ","27-Jul-2021","        408.10","        408.85","        414.00","        401.55","        408.80","        408.80","        408.80","    7469960","          3053724800.25","      83572","    1882705","         25.20"
"AMBUJACEM","EQ","28-Jul-2021","        408.80","        410.45","        411.70","        402.95","        409.25","        409.40","        407.83","    3242782","          1322493739.35","      40864","    1064786","         32.84"
"AMBUJACEM","EQ","29-Jul-2021","        409.40","        411.40","        413.20","        405.05","        408.20","        408.75","        408.66","    3312853","          1353823618.40","      46207","     943262","         28.47"
"AMBUJACEM","EQ","30-Jul-2021","        408.75","        411.80","        415.35","        406.00","        412.00","        411.15","        411.26","    2700828","          1110735163.80","      35152","     955967","         35.40"
"AMBUJACEM","EQ","02-Aug-2021","        411.15","        412.00","        419.95","        410.45","        419.25","        418.10","        416.18","    2758639","          1148096506.40","      39734","     783484","         28.40"
"AMBUJACEM","EQ","03-Aug-2021","        418.10","        420.85","        423.05","        414.60","        421.60","        422.20","        419.50","    2912201","          1221672453.10","      52718","     955502","         32.81"
"AMBUJACEM","EQ","04-Aug-2021","        422.20","        424.50","        427.40","        418.00","        419.00","        419.05","        422.44","    3559071","          1503490226.90","      50022","    1597658","         44.89"
"AMBUJACEM","EQ","05-Aug-2021","        419.05","        417.55","        421.60","        414.70","        418.80","        418.90","        418.17","    2472169","          1033785571.75","      28548","    1210464","         48.96"
"AMBUJACEM","EQ","06-Aug-2021","        418.90","        419.00","        419.00","        402.30","        404.00","        403.90","        407.22","    5940472","          2419103019.60","      77381","    2978665","         50.14"
"AMBUJACEM","EQ","09-Aug-2021","        403.90","        407.85","        409.95","        403.00","        405.65","        405.45","        406.04","    1861592","           755886283.60","      30894","     541997","         29.11"
"AMBUJACEM","EQ","10-Aug-2021","        405.45","        407.15","        407.20","        395.30","        400.15","        400.70","        400.81","    3317325","          1329610549.70","      27096","    1858443","         56.02"
"AMBUJACEM","EQ","11-Aug-2021","        400.70","        399.90","        405.00","        391.80","        398.50","        398.25","        395.97","    3337019","          1321368642.35","      40553","    1677380","         50.27"
"AMBUJACEM","EQ","12-Aug-2021","        398.25","        400.30","        408.00","        395.45","        400.40","        399.80","        401.10","    4066743","          1631153526.95","      55739","    1227817","         30.19"
"AMBUJACEM","EQ","13-Aug-2021","        399.80","        401.50","        404.95","        396.20","        401.05","        402.45","        401.12","    2351561","           943269346.30","      33992","     901040","         38.32"
"AMBUJACEM","EQ","16-Aug-2021","        402.45","        402.45","        404.15","        395.40","        396.95","        396.25","        397.84","    1762903","           701350794.95","      29505","     786960","         44.64"
"AMBUJACEM","EQ","17-Aug-2021","        396.25","        398.40","        402.80","        392.25","        401.15","        401.50","        396.90","    2736839","          1086264115.65","      43331","    1160252","         42.39"
"AMBUJACEM","EQ","18-Aug-2021","        401.50","        404.90","        411.00","        400.90","        410.50","        409.40","        406.52","    7112861","          2891538077.25","      85308","    1702071","         23.93"
"AMBUJACEM","EQ","20-Aug-2021","        409.40","        407.90","        413.65","        390.00","        390.00","        391.80","        400.20","    6967987","          2788592675.40","      94505","    2593134","         37.21"
"AMBUJACEM","EQ","23-Aug-2021","        391.80","        396.70","        396.70","        381.25","        390.85","        390.65","        389.82","    5438059","          2119851214.85","      78919","    2277629","         41.88"
"AMBUJACEM","EQ","24-Aug-2021","        390.65","        392.70","        396.50","        386.30","        395.80","        395.35","        392.63","    3978409","          1562034426.50","      50756","    1048310","         26.35"
"AMBUJACEM","EQ","25-Aug-2021","        395.35","        396.90","        399.35","        393.00","        397.75","        397.05","        397.12","    2891821","          1148398058.25","      33009","    1443249","         49.91"
"AMBUJACEM","EQ","26-Aug-2021","        397.05","        398.00","        400.90","        391.15","        398.70","        398.35","        396.68","    3558058","          1411406233.95","      37635","    1475532","         41.47"
"AMBUJACEM","EQ","27-Aug-2021","        398.35","        401.00","        411.45","        397.50","        410.00","        410.05","        407.04","    4555890","          1854425134.20","      64813","    1736443","         38.11"
"AMBUJACEM","EQ","30-Aug-2021","        410.05","        412.10","        420.40","        412.00","        417.00","        417.70","        416.99","    5235500","          2183156445.55","      69236","    2623741","         50.11"
"AMBUJACEM","EQ","31-Aug-2021","        417.70","        417.70","        422.45","        413.45","        422.00","        421.05","        420.22","    6342929","          2665421228.95","      44600","    3932713","         62.00"
"AMBUJACEM","EQ","01-Sep-2021","        421.05","        423.00","        424.05","        418.80","        421.45","        421.50","        421.37","    1910281","           804936669.15","      39497","     862096","         45.13"
"AMBUJACEM","EQ","02-Sep-2021","        421.50","        421.55","        432.00","        421.50","        428.60","        428.70","        427.72","    4193528","          1793642121.55","      83791","    1396733","         33.31"
"AMBUJACEM","EQ","03-Sep-2021","        428.70","        430.85","        437.85","        425.50","        437.40","        437.10","        432.67","    4507212","          1950126629.50","      78248","    1887801","         41.88"
"AMBUJACEM","EQ","06-Sep-2021","        437.10","        440.85","        442.00","        436.65","        437.50","        438.30","        439.06","    3574072","          1569226790.50","      45909","    1161458","         32.50"
"AMBUJACEM","EQ","07-Sep-2021","        438.30","        437.15","        442.50","        434.00","        441.65","        441.50","        439.04","    2060092","           904462595.10","      28947","     838519","         40.70"
"AMBUJACEM","EQ","08-Sep-2021","        441.50","        441.45","        441.45","        433.50","        434.95","        435.95","        437.18","    3195625","          1397059155.25","      49808","    1654921","         51.79"
"AMBUJACEM","EQ","09-Sep-2021","        435.95","        432.95","        440.35","        432.10","        438.30","        438.35","        437.09","    1362416","           595496836.75","      18530","     531759","         39.03"
"AMBUJACEM","EQ","13-Sep-2021","        438.35","        437.10","        439.70","        434.40","        435.80","        436.25","        436.08","    1790853","           780948644.85","      22610","     835832","         46.67"
"AMBUJACEM","EQ","14-Sep-2021","        436.25","        436.55","        436.85","        428.50","        432.00","        432.45","        431.92","    2872240","          1240570907.50","      57053","    1589583","         55.34"
"AMBUJACEM","EQ","15-Sep-2021","        432.45","        432.45","        438.05","        431.45","        437.00","        437.05","        436.20","    2587288","          1128563876.70","      52473","    1490950","         57.63"
"AMBUJACEM","EQ","16-Sep-2021","        437.05","        437.05","        439.70","        427.80","        430.90","        430.20","        430.78","    3329646","          1434355241.80","      55882","    1804701","         54.20"
"AMBUJACEM","EQ","17-Sep-2021","        430.20","        431.90","        432.35","        418.45","        420.35","        419.80","        423.19","    5274442","          2232113243.05","      67488","    3325215","         63.04"
"AMBUJACEM","EQ","20-Sep-2021","        419.80","        416.90","        419.20","        408.25","        409.00","        409.80","        414.17","    4182620","          1732333580.20","      54563","    2083091","         49.80"
"AMBUJACEM","EQ","21-Sep-2021","        409.80","        407.75","        414.00","        402.40","        413.50","        413.20","        408.14","    4386443","          1790266239.50","      55405","    2136494","         48.71"
"AMBUJACEM","EQ","22-Sep-2021","        413.20","        414.65","        422.85","        413.05","        419.10","        419.50","        418.67","    3233311","          1353678508.95","      44108","    1523735","         47.13"
"AMBUJACEM","EQ","23-Sep-2021","        419.50","        421.90","        422.90","        415.10","        418.55","        419.55","        418.28","    2177190","           910684428.55","      34128","    1027386","         47.19"
"AMBUJACEM","EQ","24-Sep-2021","        419.55","        421.00","        423.50","        408.85","        410.40","        410.70","        413.82","    2871092","          1188120547.70","      42872","    1347515","         46.93"
"AMBUJACEM","EQ","27-Sep-2021","        410.70","        412.00","        420.00","        407.45","        418.45","        418.00","        414.49","    4682546","          1940862223.15","      58301","    2162256","         46.18"
"AMBUJACEM","EQ","28-Sep-2021","        418.00","        421.00","        424.50","        411.10","        412.70","        413.10","        417.84","    4657118","          1945925600.45","      59681","    2053636","         44.10"
"AMBUJACEM","EQ","29-Sep-2021","        413.10","        410.00","        410.00","        401.15","        407.45","        406.45","        406.09","    5728780","          2326419881.55","      73585","    3230150","         56.38"
"AMBUJACEM","EQ","30-Sep-2021","        406.45","        408.00","        408.35","        398.40","        400.50","        400.20","        401.98","    9312005","          3743276310.55","      94442","    6008319","         64.52"
"AMBUJACEM","EQ","01-Oct-2021","        400.20","        399.90","        404.80","        396.00","        403.00","        402.25","        401.76","    4662848","          1873366419.05","      62089","    1912259","         41.01"
"AMBUJACEM","BL","04-Oct-2021","        308.65","        402.25","        402.25","        402.25","        402.25","        402.25","        402.25","     675513","           271725104.25","          1","-","-"
"AMBUJACEM","EQ","04-Oct-2021","        402.25","        404.90","        409.95","        402.50","        406.60","        406.50","        406.78","    4122450","          1676917928.30","      51030","    2224797","         53.97"
"AMBUJACEM","EQ","05-Oct-2021","        406.50","        406.45","        407.60","        402.80","        403.55","        403.65","        404.97","    2505330","          1014590809.70","      32016","    1480614","         59.10"
"AMBUJACEM","EQ","06-Oct-2021","        403.65","        404.00","        405.80","        393.50","        394.05","        394.90","        399.89","    4685363","          1873614443.70","      62622","    2685775","         57.32"
"AMBUJACEM","EQ","07-Oct-2021","        394.90","        398.95","        404.70","        397.30","        402.95","        402.90","        401.31","    5508787","          2210731859.85","      53502","    3450811","         62.64"
"AMBUJACEM","EQ","08-Oct-2021","        402.90","        404.90","        406.00","        401.25","        403.20","        403.05","        403.47","    3321119","          1339956613.50","      49420","    2081847","         62.69"
"AMBUJACEM","EQ","11-Oct-2021","        403.05","        404.00","        406.95","        400.30","        402.55","        402.95","        403.51","    3522402","          1421307345.25","      31911","    2097281","         59.54"
"AMBUJACEM","EQ","12-Oct-2021","        402.95","        402.85","        405.00","        398.55","        403.75","        403.60","        402.14","    2117480","           851531255.45","      31963","    1176661","         55.57"
"AMBUJACEM","EQ","13-Oct-2021","        403.60","        406.00","        407.90","        403.05","        403.95","        404.00","        404.41","    3780216","          1528761725.85","      38402","    2478297","         65.56"
"AMBUJACEM","EQ","14-Oct-2021","        404.00","        407.00","        414.80","        405.25","        409.05","        408.75","        410.55","    5426954","          2228019880.50","      63748","    2678798","         49.36"
"AMBUJACEM","EQ","18-Oct-2021","        408.75","        418.00","        418.00","        409.55","        410.95","        410.60","        412.59","    5319195","          2194665010.35","      62110","    2891382","         54.36"
"AMBUJACEM","EQ","19-Oct-2021","        410.60","        412.25","        412.80","        387.05","        389.50","        389.35","        396.95","    8255248","          3276924508.90","     112577","    4777639","         57.87"
"AMBUJACEM","EQ","20-Oct-2021","        389.35","        391.00","        399.90","        387.60","        392.85","        392.75","        394.06","    5245333","          2066972865.05","      67137","    1709698","         32.59"
"AMBUJACEM","EQ","21-Oct-2021","        392.75","        394.85","        394.85","        378.20","        380.20","        379.90","        381.85","    9834178","          3755228737.70","     117954","    5501987","         55.95"
"AMBUJACEM","EQ","22-Oct-2021","        379.90","        380.20","        381.70","        372.00","        376.45","        376.10","        376.26","    5253226","          1976577801.95","      86481","    2752368","         52.39"
"AMBUJACEM","EQ","25-Oct-2021","        376.10","        378.00","        378.20","        365.75","        375.30","        375.90","        373.60","    3368928","          1258644928.75","      42088","    1379683","         40.95"
"AMBUJACEM","EQ","26-Oct-2021","        375.90","        377.70","        381.30","        373.25","        380.40","        380.35","        377.35","    3427318","          1293287793.20","      40674","    1678077","         48.96"
"AMBUJACEM","EQ","27-Oct-2021","        380.35","        375.00","        387.05","        373.70","        381.10","        381.85","        382.04","    5357395","          2046729517.30","      74613","    1682215","         31.40"
"AMBUJACEM","EQ","28-Oct-2021","        381.85","        383.60","        392.50","        380.80","        390.00","        390.05","        388.42","    7419992","          2882055220.00","     111926","    3496405","         47.12"
"AMBUJACEM","EQ","29-Oct-2021","        390.05","        392.00","        406.85","        382.25","        404.00","        404.80","        399.02","   10104769","          4031978292.10","     120539","    4994583","         49.43"
"AMBUJACEM","EQ","01-Nov-2021","        404.80","        406.00","        412.65","        402.95","        410.00","        409.80","        409.16","    3997407","          1635561524.70","      57929","    1553658","         38.87"
"AMBUJACEM","EQ","02-Nov-2021","        409.80","        410.00","        414.45","        405.10","        407.90","        407.25","        410.08","    1970517","           808070528.15","      35755","     885824","         44.95"
"AMBUJACEM","EQ","03-Nov-2021","        407.25","        408.75","        414.70","        403.50","        412.50","        412.90","        410.76","    2147236","           882007430.95","      25927","    1054228","         49.10"
"AMBUJACEM","EQ","04-Nov-2021","        412.90","        413.20","        414.70","        412.25","        413.35","        413.20","        413.22","     320391","           132392613.20","       8171","     191651","         59.82"
"AMBUJACEM","EQ","08-Nov-2021","        413.20","        415.00","        430.35","        413.45","        430.00","        429.75","        425.38","    7089536","          3015766577.20","     145810","    3622183","         51.09"
"AMBUJACEM","EQ","09-Nov-2021","        429.75","        430.90","        435.00","        426.50","        430.75","        431.25","        431.15","    2378131","          1025324537.55","      39713","     866476","         36.44"
"AMBUJACEM","EQ","10-Nov-2021","        431.25","        427.60","        433.40","        424.80","        426.10","        428.35","        429.01","    2202717","           944991064.25","      28390","    1080287","         49.04"
"AMBUJACEM","EQ","11-Nov-2021","        428.35","        426.50","        426.75","        416.85","        421.30","        421.20","        421.93","    1653866","           697811676.50","      23993","     750046","         45.35"
"AMBUJACEM","EQ","12-Nov-2021","        421.20","        424.00","        427.15","        419.70","        423.80","        422.85","        422.95","    1246774","           527322653.60","      20222","     437842","         35.12"
"AMBUJACEM","EQ","15-Nov-2021","        422.85","        423.00","        425.10","        418.10","        420.85","        421.25","        420.95","    1057472","           445140606.95","      19887","     493539","         46.67"
"AMBUJACEM","EQ","16-Nov-2021","        421.25","        421.30","        424.00","        407.75","        409.00","        409.80","        417.21","    1933354","           806615578.05","      44401","     744304","         38.50"
"AMBUJACEM","EQ","17-Nov-2021","        409.80","        407.80","        410.95","        405.05","        407.10","        409.15","        408.41","    1448686","           591652033.85","      29182","     516071","         35.62"
"AMBUJACEM","EQ","18-Nov-2021","        409.15","        408.00","        411.85","        396.50","        400.50","        400.85","        401.41","    1868114","           749884951.25","      36448","     683883","         36.61"
"AMBUJACEM","EQ","22-Nov-2021","        400.85","        400.85","        402.85","        385.00","        389.40","        388.70","        390.80","    3484890","          1361885781.90","      79730","    1976901","         56.73"
"AMBUJACEM","EQ","23-Nov-2021","        388.70","        387.00","        396.80","        383.20","        396.15","        395.80","        392.99","    2061119","           810004123.55","      33270","     844021","         40.95"
"AMBUJACEM","EQ","24-Nov-2021","        395.80","        397.05","        398.55","        390.80","        392.55","        393.50","        394.55","    2461617","           971235041.85","      48738","    1284981","         52.20"
"AMBUJACEM","EQ","25-Nov-2021","        393.50","        392.90","        393.50","        389.00","        390.15","        390.60","        391.04","     997067","           389897358.25","      22933","     402906","         40.41"
"AMBUJACEM","EQ","26-Nov-2021","        390.60","        386.00","        387.75","        370.90","        374.00","        372.35","        375.61","    5577674","          2095004675.10","      92471","    3320649","         59.53"
"AMBUJACEM","EQ","29-Nov-2021","        372.35","        370.00","        375.40","        360.05","        370.00","        369.15","        369.78","    2691096","           995115398.15","      81610","    1218167","         45.27"
"AMBUJACEM","EQ","30-Nov-2021","        369.15","        370.00","        378.10","        367.00","        374.50","        374.60","        374.42","    4809537","          1800767662.65","      77254","    2952301","         61.38"
"AMBUJACEM","EQ","01-Dec-2021","        374.60","        379.60","        380.45","        368.05","        371.85","        371.40","        371.35","    4416048","          1639901622.05","      63930","    2588750","         58.62"
"AMBUJACEM","EQ","02-Dec-2021","        371.40","        371.90","        379.40","        368.00","        378.40","        377.35","        374.86","    2307562","           865008017.95","      55524","    1357543","         58.83"
"AMBUJACEM","EQ","03-Dec-2021","        377.35","        377.30","        387.40","        375.80","        376.85","        376.60","        381.96","    5101471","          1948570681.50","      46548","    2217472","         43.47"
"AMBUJACEM","EQ","06-Dec-2021","        376.60","        378.60","        378.95","        368.30","        369.95","        370.15","        373.91","    1157264","           432710532.30","      20562","     466600","         40.32"
"AMBUJACEM","EQ","07-Dec-2021","        370.15","        372.90","        377.25","        370.90","        372.85","        372.75","        373.63","    1229614","           459417874.70","      20570","     481361","         39.15"
"AMBUJACEM","EQ","08-Dec-2021","        372.75","        376.40","        380.40","        375.20","        377.60","        376.95","        377.41","    1526507","           576114180.35","      45514","     746439","         48.90"
"AMBUJACEM","EQ","09-Dec-2021","        376.95","        379.40","        381.00","        375.10","        377.55","        377.55","        377.51","    1862168","           702992829.25","      29325","     738648","         39.67"
"AMBUJACEM","EQ","10-Dec-2021","        377.55","        377.60","        381.35","        376.65","        377.70","        377.65","        378.69","    1486593","           562961391.05","      22905","     682073","         45.88"
"AMBUJACEM","EQ","13-Dec-2021","        377.65","        382.65","        382.65","        378.60","        379.40","        379.85","        380.11","    2654339","          1008936323.35","      37345","    1689566","         63.65"
"AMBUJACEM","EQ","14-Dec-2021","        379.85","        377.90","        380.85","        374.00","        377.40","        378.55","        377.44","    1789446","           675411117.40","      40770","     952569","         53.23"
"AMBUJACEM","EQ","15-Dec-2021","        378.55","        378.60","        381.90","        375.30","        378.15","        378.90","        378.63","    1796520","           680222530.70","      29646","     923864","         51.43"
"AMBUJACEM","EQ","16-Dec-2021","        378.90","        380.00","        381.60","        374.60","        376.50","        375.70","        376.18","    2366346","           890175174.10","      48440","    1536565","         64.93"
"AMBUJACEM","EQ","17-Dec-2021","        375.70","        375.60","        377.20","        367.00","        368.45","        368.60","        371.10","    1784077","           662078397.05","      26000","     914733","         51.27"
"AMBUJACEM","EQ","20-Dec-2021","        368.60","        361.20","        364.20","        347.00","        350.50","        350.30","        352.08","    6661464","          2345377120.80","      65586","    3261497","         48.96"
"AMBUJACEM","EQ","21-Dec-2021","        350.30","        353.05","        363.80","        351.25","        361.25","        361.45","        360.33","    2065774","           744355839.55","      31024","     934830","         45.25"
"AMBUJACEM","EQ","22-Dec-2021","        361.45","        361.25","        367.00","        359.70","        365.25","        363.75","        363.87","    1383949","           503575689.05","      18457","     499086","         36.06"
"AMBUJACEM","EQ","23-Dec-2021","        363.75","        367.00","        370.50","        365.00","        369.50","        369.40","        368.58","    1546807","           570115600.95","      21645","     782778","         50.61"
"AMBUJACEM","EQ","24-Dec-2021","        369.40","        369.50","        370.80","        363.20","        368.00","        367.90","        366.92","    1174085","           430801002.15","      15208","     540033","         46.00"
"AMBUJACEM","EQ","27-Dec-2021","        367.90","        367.00","        370.75","        364.00","        369.40","        369.95","        368.45","     635418","           234119621.95","      16338","     239643","         37.71"
"AMBUJACEM","EQ","28-Dec-2021","        369.95","        370.20","        381.20","        368.70","        381.00","        380.20","        377.64","    2526008","           953910685.05","      31154","    1477783","         58.50"
"AMBUJACEM","EQ","29-Dec-2021","        380.20","        380.75","        382.15","        374.50","        375.00","        375.80","        377.16","     935759","           352932030.70","      19579","     358799","         38.34"
"AMBUJACEM","EQ","30-Dec-2021","        375.80","        375.70","        377.95","        369.60","        371.00","        370.95","        372.00","    2179706","           810839801.25","      22239","     958928","         43.99"
"AMBUJACEM","EQ","31-Dec-2021","        370.95","        372.40","        384.30","        372.00","        377.90","        377.50","        378.81","    1907096","           722430645.00","      31646","     764520","         40.09"
"AMBUJACEM","EQ","03-Jan-2022","        377.50","        378.75","        389.45","        378.20","        387.00","        387.00","        384.61","    1643912","           632257075.85","      26185","     456270","         27.76"
"AMBUJACEM","EQ","04-Jan-2022","        387.00","        387.55","        391.70","        383.30","        390.25","        390.45","        389.15","    3034913","          1181040945.50","      34257","    1845536","         60.81"
"AMBUJACEM","EQ","05-Jan-2022","        390.45","        389.95","        394.65","        388.75","        393.20","        393.70","        392.57","    1521048","           597110984.35","      22402","     662158","         43.53"
"AMBUJACEM","EQ","06-Jan-2022","        393.70","        390.10","        393.00","        383.55","        386.10","        387.05","        387.59","    2579347","           999719450.40","      30633","    1145407","         44.41"
"AMBUJACEM","EQ","07-Jan-2022","        387.05","        387.05","        401.95","        387.05","        396.55","        397.25","        395.66","    2731750","          1080856461.10","      51449","     910315","         33.32"
"AMBUJACEM","EQ","10-Jan-2022","        397.25","        400.00","        401.95","        397.30","        399.45","        399.35","        399.53","    2408661","           962324959.20","      26597","    1566156","         65.02"
"AMBUJACEM","EQ","11-Jan-2022","        399.35","        401.00","        405.00","        393.35","        396.60","        397.65","        398.96","    2105501","           840006683.90","      46022","     870350","         41.34"
"AMBUJACEM","EQ","12-Jan-2022","        397.65","        398.25","        402.70","        395.65","        397.80","        397.90","        398.26","    1370663","           545882635.25","      38871","     622973","         45.45"
"AMBUJACEM","EQ","13-Jan-2022","        397.90","        399.00","        400.50","        394.65","        397.05","        396.40","        397.87","    2490304","           990810297.15","      21598","    1585060","         63.65"
"AMBUJACEM","EQ","14-Jan-2022","        396.40","        395.10","        405.00","        394.20","        402.00","        402.70","        401.99","    2146874","           863018846.55","      32589","     591388","         27.55"
"AMBUJACEM","EQ","17-Jan-2022","        402.70","        403.50","        408.70","        395.00","        407.50","        407.80","        403.34","    3057067","          1233036126.10","      55715","     979858","         32.05"
"AMBUJACEM","EQ","18-Jan-2022","        407.80","        410.00","        410.00","        379.00","        379.95","        380.65","        389.61","    7265319","          2830621739.15","     105644","    3407784","         46.90"
"AMBUJACEM","EQ","19-Jan-2022","        380.65","        381.95","        382.00","        373.10","        375.00","        374.85","        375.83","    3999114","          1502993898.45","      64168","    2103686","         52.60"
"AMBUJACEM","EQ","20-Jan-2022","        374.85","        375.25","        379.80","        372.45","        375.90","        375.10","        375.01","    3354873","          1258118805.90","      42116","    1872105","         55.80"
"AMBUJACEM","EQ","21-Jan-2022","        375.10","        374.60","        374.60","        364.05","        369.30","        368.65","        369.43","    1426135","           526850417.95","      34327","     491170","         34.44"
"AMBUJACEM","EQ","24-Jan-2022","        368.65","        368.00","        371.20","        349.00","        351.95","        352.85","        354.94","    4250468","          1508675206.50","      49829","    1544097","         56.69"
"AMBUJACEM","EQ","25-Jan-2022","        352.85","        351.95","        356.50","        343.45","        352.00","        351.50","        351.36","    3178488","          1116790474.65","      54549","    1753286","         55.16"
"AMBUJACEM","EQ","27-Jan-2022","        351.50","        350.90","        354.30","        340.45","        351.90","        351.65","        348.00","    2852549","           992675054.95","      48460","    1117267","         39.17"
"AMBUJACEM","EQ","28-Jan-2022","        351.65","        354.40","        367.10","        353.00","        360.10","        360.70","        362.11","    3157848","          1143480439.05","      43808","    1497696","         47.43"
"AMBUJACEM","EQ","31-Jan-2022","        360.70","        364.60","        369.25","        363.00","        365.00","        365.15","        365.94","    1955762","           715696857.20","      42556","     832914","         42.59"
"AMBUJACEM","EQ","01-Feb-2022","        365.15","        370.00","        382.85","        366.50","        382.00","        380.40","        375.02","    6354846","          2383213489.80","      90754","    2678741","         42.15"
"AMBUJACEM","EQ","02-Feb-2022","        380.40","        383.70","        386.30","        377.85","        380.05","        380.00","        382.51","    3322525","          1270911358.65","      34793","    1828257","         55.03"
"AMBUJACEM","EQ","03-Feb-2022","        380.00","        377.30","        384.30","        377.30","        381.00","        381.90","        382.46","    3772405","          1442798686.05","      56782","    2716845","         72.02"
"AMBUJACEM","EQ","04-Feb-2022","        381.90","        383.00","        384.90","        378.00","        379.25","        380.40","        382.58","    5637748","          2156909529.90","      75719","    3959499","         70.23"
"AMBUJACEM","EQ","07-Feb-2022","        380.40","        380.00","        383.90","        374.20","        382.55","        382.65","        379.68","    2535377","           962638406.40","      65673","    1201421","         47.39"
"AMBUJACEM","EQ","08-Feb-2022","        382.65","        383.00","        386.10","        373.25","        376.90","        376.30","        378.59","    2089451","           791053287.45","      27285","     812498","         38.89"
"AMBUJACEM","EQ","09-Feb-2022","        376.30","        379.35","        385.90","        376.85","        383.50","        382.80","        382.27","    2140597","           818291408.80","      33325","    1237125","         57.79"
"AMBUJACEM","EQ","10-Feb-2022","        382.80","        381.75","        384.40","        373.40","        374.75","        374.85","        376.43","    4638095","          1745939542.00","      63320","    2884561","         62.19"
"AMBUJACEM","EQ","11-Feb-2022","        374.85","        375.00","        375.85","        366.60","        367.05","        367.90","        370.31","    2050063","           759156884.95","      38304","     770306","         37.57"
"AMBUJACEM","EQ","14-Feb-2022","        367.90","        362.00","        365.00","        354.05","        355.00","        355.10","        359.41","    1341336","           482087122.35","      28535","     436803","         32.56"
"AMBUJACEM","EQ","15-Feb-2022","        355.10","        357.00","        365.00","        353.75","        364.50","        363.55","        359.59","    2027130","           728925875.00","      31512","     996585","         49.16"
"AMBUJACEM","EQ","16-Feb-2022","        363.55","        365.10","        367.85","        359.50","        360.65","        360.70","        364.37","    1368175","           498527820.00","      23257","     402259","         29.40"
"AMBUJACEM","EQ","17-Feb-2022","        360.70","        362.50","        364.50","        357.50","        358.75","        359.80","        360.31","    1439893","           518806904.15","      20810","     476026","         33.06"
"AMBUJACEM","EQ","18-Feb-2022","        359.80","        352.70","        354.00","        337.20","        338.50","        338.35","        342.56","   11901556","          4076988751.70","     154766","    2687259","         22.58"
"AMBUJACEM","EQ","21-Feb-2022","        338.35","        334.20","        341.30","        331.25","        339.20","        338.55","        337.01","    5812598","          1958905617.80","      86922","    1214711","         20.90"
"AMBUJACEM","EQ","22-Feb-2022","        338.55","        334.00","        338.45","        331.10","        337.30","        337.35","        335.32","    3078034","          1032119343.65","      40636","    1020919","         33.17"
"AMBUJACEM","EQ","23-Feb-2022","        337.35","        338.90","        340.50","        329.60","        330.00","        330.95","        334.17","    5312647","          1775335731.25","      55919","    3259022","         61.34"
"AMBUJACEM","EQ","24-Feb-2022","        330.95","        316.00","        322.35","        302.05","        307.35","        306.95","        311.99","   12821969","          4000318508.70","     163333","    6583056","         51.34"
"AMBUJACEM","EQ","25-Feb-2022","        306.95","        311.00","        315.95","        306.10","        309.65","        308.70","        311.31","    5240212","          1631328924.60","      63117","    2534615","         48.37"
"AMBUJACEM","EQ","28-Feb-2022","        308.70","        306.30","        315.95","        302.95","        315.45","        314.25","        310.51","    7116898","          2209898284.00","      65609","    4012613","         56.38"
"AMBUJACEM","EQ","02-Mar-2022","        314.25","        312.80","        314.85","        301.00","        305.10","        304.15","        305.76","    6623505","          2025199219.95","     107228","    3306644","         49.92"
"AMBUJACEM","EQ","03-Mar-2022","        304.15","        308.60","        311.10","        287.90","        290.30","        290.20","        295.61","   11872107","          3509527792.65","     160570","    5545411","         46.71"
"AMBUJACEM","EQ","04-Mar-2022","        290.20","        285.20","        296.20","        283.70","        292.15","        292.60","        289.93","    6171233","          1789254881.45","      77412","    2002300","         32.45"
"AMBUJACEM","EQ","07-Mar-2022","        292.60","        287.95","        289.00","        278.00","        280.60","        281.20","        282.51","    6936569","          1959620202.90","      91238","    3218900","         46.40"
"AMBUJACEM","EQ","08-Mar-2022","        281.20","        281.05","        284.55","        274.00","        282.80","        282.90","        279.72","    6513565","          1821946063.85","      81596","    3166123","         48.61"
"AMBUJACEM","EQ","09-Mar-2022","        282.90","        285.80","        292.65","        281.00","        292.00","        291.65","        286.75","    7788795","          2233441869.90","      61891","    3489580","         44.80"
"AMBUJACEM","EQ","10-Mar-2022","        291.65","        300.00","        302.00","        291.00","        293.00","        293.20","        296.11","    5031572","          1489923827.25","      58994","    1798289","         35.74"
"AMBUJACEM","EQ","11-Mar-2022","        293.20","        293.00","        296.00","        290.30","        292.95","        293.45","        292.42","    4357253","          1274143559.10","      71240","    1961694","         45.02"
"AMBUJACEM","EQ","14-Mar-2022","        293.45","        294.65","        297.50","        289.05","        291.60","        291.20","        291.61","    2658414","           775230698.85","      30749","    1291071","         48.57"
"AMBUJACEM","EQ","15-Mar-2022","        291.20","        293.60","        301.85","        292.85","        295.00","        295.10","        297.23","    6826748","          2029091642.60","      78408","    3197947","         46.84"
"AMBUJACEM","EQ","16-Mar-2022","        295.10","        300.00","        311.45","        297.00","        309.70","        309.35","        304.37","    6876362","          2092961009.50","      87700","    3428614","         49.86"
"AMBUJACEM","EQ","17-Mar-2022","        309.35","        314.20","        314.90","        305.45","        307.20","        306.20","        309.79","    9901093","          3067277577.45","      67481","    6357123","         64.21"
"AMBUJACEM","EQ","21-Mar-2022","        306.20","        306.00","        309.20","        300.00","        300.45","        300.35","        302.31","    4583683","          1385698598.10","      60127","    2379794","         51.92"
"AMBUJACEM","EQ","22-Mar-2022","        300.35","        300.45","        302.90","        296.05","        301.00","        300.90","        300.04","    3537814","          1061495473.50","      43400","    1445389","         40.86"
"AMBUJACEM","EQ","23-Mar-2022","        300.90","        303.00","        303.35","        295.55","        297.50","        297.85","        298.83","    4697043","          1403602214.80","      54232","    2751056","         58.57"
"AMBUJACEM","EQ","24-Mar-2022","        297.85","        296.95","        299.65","        295.00","        296.90","        297.05","        297.53","    4048136","          1204435590.75","      36785","    2434954","         60.15"
"AMBUJACEM","EQ","25-Mar-2022","        297.05","        299.90","        299.90","        294.55","        298.50","        297.80","        297.05","    3115402","           925441268.85","      30166","    1676864","         53.82"
"AMBUJACEM","EQ","28-Mar-2022","        297.80","        299.40","        299.40","        288.50","        292.00","        291.80","        291.70","    4811353","          1403448259.90","      78064","    2404019","         49.97"
"AMBUJACEM","EQ","29-Mar-2022","        291.80","        293.05","        303.25","        293.05","        303.25","        302.45","        300.47","    8193664","          2461971440.50","      76624","    3602231","         43.96"
"AMBUJACEM","EQ","30-Mar-2022","        302.45","        300.80","        304.80","        298.80","        303.00","        303.05","        302.63","    6489029","          1963749437.80","      54768","    3748447","         57.77"
"AMBUJACEM","EQ","31-Mar-2022","        303.05","        303.05","        303.70","        298.75","        299.25","        299.25","        300.64","    4950492","          1488305848.40","      52078","    3196248","         64.56"
"AMBUJACEM","EQ","01-Apr-2022","        299.25","        298.90","        306.50","        298.50","        305.00","        304.95","        303.06","    3456879","          1047646126.35","      44542","    1869812","         54.09"
"AMBUJACEM","EQ","04-Apr-2022","        304.95","        305.50","        313.50","        305.10","        312.55","        311.65","        308.63","    3638554","          1122955360.40","      55528","    1384754","         38.06"
"AMBUJACEM","EQ","05-Apr-2022","        311.65","        314.45","        317.70","        310.35","        316.90","        316.80","        315.21","    5323145","          1677905715.65","      56567","    2346276","         44.08"
"AMBUJACEM","EQ","06-Apr-2022","        316.80","        316.80","        325.00","        315.45","        320.20","        320.70","        320.54","    7255760","          2325764559.15","      85197","    3217408","         44.34"
"AMBUJACEM","EQ","07-Apr-2022","        320.70","        320.20","        327.40","        320.05","        324.65","        325.60","        324.19","    5192205","          1683258874.35","      53308","    2507835","         48.30"
"AMBUJACEM","EQ","08-Apr-2022","        325.60","        327.25","        339.80","        323.45","        338.40","        337.35","        334.97","    8276853","          2772478685.05","     101276","    2219103","         26.81"
"AMBUJACEM","EQ","11-Apr-2022","        337.35","        338.45","        369.50","        338.30","        364.20","        360.20","        358.50","   30662312","         10992569551.50","     277497","    7074154","         23.07"
"AMBUJACEM","EQ","12-Apr-2022","        360.20","        364.00","        371.60","        355.75","        358.00","        359.65","        362.27","   19884358","          7203441716.00","     196499","    5852680","         29.43"
"AMBUJACEM","EQ","13-Apr-2022","        359.65","        359.95","        374.20","        359.00","        369.00","        369.20","        368.02","   17817591","          6557229580.45","     164916","    4411015","         24.76"
"AMBUJACEM","EQ","18-Apr-2022","        369.20","        369.00","        379.65","        360.50","        365.10","        363.40","        366.36","   10936057","          4006540313.60","     114572","    3709987","         33.92"
"AMBUJACEM","EQ","19-Apr-2022","        363.40","        366.75","        370.00","        351.00","        352.00","        354.25","        359.32","    9971239","          3582899868.10","     124351","    3735715","         37.46"
"AMBUJACEM","EQ","20-Apr-2022","        354.25","        355.00","        375.80","        355.00","        375.00","        371.30","        367.31","   13525255","          4967969268.00","     125395","    4034251","         29.83"
"AMBUJACEM","EQ","21-Apr-2022","        371.30","        378.90","        384.35","        374.80","        378.10","        377.35","        379.20","   14385266","          5454873962.65","     153070","    2769534","         19.25"
"AMBUJACEM","EQ","22-Apr-2022","        377.35","        378.00","        381.00","        371.05","        375.00","        374.20","        375.79","    5946333","          2234589849.50","      62853","    1359730","         22.87"
"AMBUJACEM","EQ","25-Apr-2022","        374.20","        371.80","        387.60","        370.00","        378.95","        376.35","        381.63","   12835090","          4898296452.15","     148656","    2872921","         22.38"
"AMBUJACEM","EQ","26-Apr-2022","        376.35","        382.00","        391.00","        381.30","        385.00","        385.15","        385.18","   11192640","          4311235696.85","     119429","    4316257","         38.56"
"AMBUJACEM","EQ","27-Apr-2022","        385.15","        385.00","        387.70","        376.25","        385.00","        384.55","        382.60","   11121579","          4255138388.30","     124869","    4125293","         37.09"
"AMBUJACEM","EQ","28-Apr-2022","        384.55","        389.90","        389.90","        380.45","        384.80","        383.35","        384.68","    7163762","          2755747283.95","      69127","    2505448","         34.97"
"AMBUJACEM","EQ","29-Apr-2022","        383.35","        384.70","        385.50","        370.75","        372.00","        372.20","        377.76","   10529413","          3977632085.55","      86885","    4534682","         43.07"
"AMBUJACEM","EQ","02-May-2022","        372.20","        371.60","        380.50","        368.75","        376.85","        378.15","        376.70","    5959678","          2245021327.65","      64005","    1591126","         26.70"
"AMBUJACEM","EQ","04-May-2022","        378.15","        379.55","        382.00","        364.65","        369.00","        368.10","        371.77","    5415006","          2013149771.35","      90293","    1951512","         36.04"
"AMBUJACEM","EQ","05-May-2022","        368.10","        371.00","        375.35","        364.95","        368.00","        366.35","        370.50","    5794511","          2146866766.85","      68751","    2313988","         39.93"
"AMBUJACEM","EQ","06-May-2022","        366.35","        360.55","        372.35","        360.55","        365.55","        365.40","        366.85","    5868878","          2153018926.90","      66036","    1542090","         26.28"
"AMBUJACEM","EQ","09-May-2022","        365.40","        363.35","        369.00","        359.45","        366.00","        366.75","        364.78","    3690073","          1346059813.75","      41297","     794880","         21.54"
"AMBUJACEM","EQ","10-May-2022","        366.75","        368.55","        373.90","        355.00","        356.00","        358.20","        365.78","    6322735","          2312728668.30","      93084","    2343713","         37.07"
"AMBUJACEM","EQ","11-May-2022","        358.20","        360.00","        365.80","        351.20","        359.90","        359.05","        358.11","    5728451","          2051389070.85","      58016","    1895670","         33.09"
"AMBUJACEM","EQ","12-May-2022","        359.05","        356.85","        382.00","        349.30","        374.00","        373.55","        362.67","    7493279","          2717610573.30","      64751","    2584061","         34.49"
"AMBUJACEM","EQ","13-May-2022","        373.55","        378.00","        378.55","        356.10","        358.30","        359.10","        361.80","   10195371","          3688710560.40","     109911","    2173132","         21.31"
